{"products": [{"id": "1648b8ab-9762-4fed-b116-6f7a4744c6ee", "name": "Fuck", "price": 1.0, "stock": 84, "created_at": "2025-03-11 16:00:36", "category": NaN, "cost_price": NaN, "min_stock_level": NaN, "discount_percent": NaN, "discount_end_date": NaN}, {"id": "9243e470-0f33-4156-b12c-c7bedcfa2c92", "name": "Nitro I'd ", "price": 0.4, "stock": 9, "created_at": "2025-03-11 16:36:03", "category": "Other", "cost_price": 0.25, "min_stock_level": 2.0, "discount_percent": 0.0, "discount_end_date": "2025-03-18"}], "sales": [{"id": "8c5bca69-50b9-4063-898c-aba58dc9ecad", "product_id": "1648b8ab-9762-4fed-b116-6f7a4744c6ee", "quantity": 1, "sale_code": "E67F06D9", "sale_date": 